-- phpMyAdmin SQL Dump
-- version 4.1.14
-- http://www.phpmyadmin.net
--
-- Client :  127.0.0.1
-- Généré le :  Lun 23 Novembre 2015 à 19:03
-- Version du serveur :  5.6.17
-- Version de PHP :  5.5.12

SET SQL_MODE = "NO_AUTO_VALUE_ON_ZERO";
SET time_zone = "+00:00";


/*!40101 SET @OLD_CHARACTER_SET_CLIENT=@@CHARACTER_SET_CLIENT */;
/*!40101 SET @OLD_CHARACTER_SET_RESULTS=@@CHARACTER_SET_RESULTS */;
/*!40101 SET @OLD_COLLATION_CONNECTION=@@COLLATION_CONNECTION */;
/*!40101 SET NAMES utf8 */;

--
-- Base de données :  `biblio`
--

-- --------------------------------------------------------

--
-- Structure de la table `file`
--

CREATE TABLE IF NOT EXISTS `file` (
  `id` int(10) unsigned NOT NULL AUTO_INCREMENT,
  `name` varchar(255) NOT NULL DEFAULT 'Untitled.txt',
  `mime` varchar(50) NOT NULL DEFAULT 'text/plain',
  `size` bigint(20) unsigned NOT NULL DEFAULT '0',
  `data` longblob NOT NULL,
  `created` datetime NOT NULL,
  PRIMARY KEY (`id`)
) ENGINE=InnoDB  DEFAULT CHARSET=latin1 AUTO_INCREMENT=8 ;

--
-- Contenu de la table `file`
--

INSERT INTO `file` (`id`, `name`, `mime`, `size`, `data`, `created`) VALUES
(7, 'Marketing - facebook.docx', 'application/vnd.openxmlformats-officedocument.word', 16264, 0x504b03041400060008000000210032916f5766010000a5050000130008025b436f6e74656e745f54797065735d2e786d6c20a2040228a000020000000000000000000000000000000000000000000000000000000000000000000000000000000000000000000000000000000000000000000000000000000000000000000000000000000000000000000000000000000000000000000000000000000000000000000000000000000000000000000000000000000000000000000000000000000000000000000000000000000000000000000000000000000000000000000000000000000000000000000000000000000000000000000000000000000000000000000000000000000000000000000000000000000000000000000000000000000000000000000000000000000000000000000000000000000000000000000000000000000000000000000000000000000000000000000000000000000000000000000000000000000000000000000000000000000000000000000000000000000000000000000000000000000000000000000000000000000000000000000000000000000000000000000000000000000000000000000000000000000000000000000000000000000000000000000000000000000000000000000000000000000000000000000000000000000000000000000000000000000000000000000000000000000000000000000000000000000000000000000000000000000000000000000000000000000000000000000000000000000000000000b494cb6ac3301045f785fe83d1b6d84aba28a5c4c9a28f651b68fa018a344e44f542a3bcfebee33831a5243134c9c620cfdc7bcf083183d1da9a6c0911b57725eb173d9681935e69372bd9d7e42d7f641926e19430de41c936806c34bcbd194c36013023b5c392cd530a4f9ca39c831558f8008e2a958f56243ac6190f427e8b19f0fb5eef814bef12b894a7da830d072f50898549d9eb9a7e3724110cb2ecb969acb34a2642305a8a4475be74ea4f4abe4b2848b9edc1b90e78470d8c1f4ca82bc70376ba0fba9aa815646311d3bbb0d4c5573e2aaebc5c585216a76d0e70faaad2125a7ded16a2978048776e4dd156acd06ecf7f94c32dec1422292f0fd25a774260da18c0cb1334beddf1901209ae01b073ee4458c1f4f36a14bfcc3b412aca9d88a981cb63b4d69d1089d60034dffed91c5b9b5391d4398e3e20ad95f88fb1f77ba356e734708098f4e957d72692f5d9f341bd9214a803d97cbb64873f000000ffff0300504b0304140006000800000021001e911ab7ef0000004e0200000b0008025f72656c732f2e72656c7320a2040228a000020000000000000000000000000000000000000000000000000000000000000000000000000000000000000000000000000000000000000000000000000000000000000000000000000000000000000000000000000000000000000000000000000000000000000000000000000000000000000000000000000000000000000000000000000000000000000000000000000000000000000000000000000000000000000000000000000000000000000000000000000000000000000000000000000000000000000000000000000000000000000000000000000000000000000000000000000000000000000000000000000000000000000000000000000000000000000000000000000000000000000000000000000000000000000000000000000000000000000000000000000000000000000000000000000000000000000000000000000000000000000000000000000000000000000000000000000000000000000000000000000000000000000000000000000000000000000000000000000000000000000000000000000000000000000000000000000000000000000000000000000000000000000000000000000000000000000000000000000000000000000000000000000000000000000000000000000000000000000000000000000000000000000000000000000000000000000000000000000000000000000000ac92c16ac3300c40ef83fd83d1bd51dac118a34e2f63d0db18d907085b494c13dbd86ad7fefd3cd8d8025de96147cbd2d393d07a739c4675e0945df01a96550d8abd09d6f95ec35bfbbc78009585bca53178d670e20c9be6f666fdca234929ca838b59158acf1a0691f88898cdc013e52a44f6e5a70b692229cfd46324b3a39e7155d7f7987e33a09931d5d66a485b7b07aa3d45be861dbace197e0a663fb197332d908fc2deb25dc454ea93b8328d6a29f52c1a6c302f259c9162ac0a1af0bcd1ea7aa3bfa7c589852c09a109892ffb7c665c125afee78ae6193f36ef2159b45fe16f1b9c5d41f3010000ffff0300504b03041400060008000000210044b14fdd530100005d0600001c000801776f72642f5f72656c732f646f63756d656e742e786d6c2e72656c7320a2040128a0000100000000000000000000000000000000000000000000000000000000000000000000000000000000000000000000000000000000000000000000000000000000000000000000000000000000000000000000000000000000000000000000000000000000000000000000000000000000000000000000000000000000000000000000000000000000000000000000000000000000000000000000000000000000000000000000000000000000000000000000000000000000000000000000000000000000000000000000000000000000000000000000000000000000000000000000000000000000000000000000000000000000000000000000000000000000d495cd6e82401485f74dfa0e64f632605bfb13d14ddbc44537ad7d80012e30717ec8cc55f4ed7b63a3626a494d884997f73073ee9773028ca76bad8215382fad49581c462c0093d95c9a32619ff3d7c1030b3c0a930b650d246c039e4d27d757e3775002e992af64ed0372313e611562fdc4b9cf2ad0c287b606434f0aebb4401a5dc96b912d44097c184523eeda1e6c72e419ccf284b9594efbe79b1afee26d8b4266f06cb3a506832756f08a9c9c926641a6c295807bdba669c2952885d4daa6524970106656efcebdd99c105ed608ce08c5f869d69b3e593d20520bfe80ba5342f2fa0de1fe72715590822b29abf3831af61a146e14b463dace5d21c57dae374b4d39502f0782bdd40531ba5c53d4d1c0e33297d69fdfd5dd3f7a01e3a84f58a4bb7000dd8edf62dc55ec6d9f0c0da41f3f3e042db10be4b14f90c21a9c8b54b502d94b3b087ef453987c010000ffff0300504b030414000600080000002100aa2385214d0b00007173000011000000776f72642f646f63756d656e742e786d6cec5dcd721bb911bea72aef80625572892c92124dc9ca4a1b49b61c6d6c2fcbd266cba72d700643c2c200b3f8212d9ff69a47d85b8ee623e4cc37d927493730c33f4bb66c992265c3657b0618fc363e34ba1b40f3bbefdfe4820c98365cc9fd5a73b351234c262ae5b2b75ffbe9fce4c16e8d184b654a85926cbf76c94cedfb833fffe9bbe15eaa12973369091421cddeb048f66b7d6b8bbd7add247d9653b399f3442ba332bb99a8bcaeb28c27ac3e543aad6f359a0dff5668953063a0be632a07d4d4cae2f2f74b530593f031533aa71682ba57cfa9be70c50328bda09677b9e0f612ca6eb4ab62d47ecd69b95716f160d220ccb2171a543eaa1cfa26f5862c8f4b0af81aeb9a09688392a6cf8b69373eb734f8d8af0a197ca813835c54e98645b375bb3178ace9101ed3026fd2fc3464ca4568f9874b6c366e302258c424c74d9a305f67d5929c7239adf8b3483343dce6c34f2b606bb180a277bbc179aa952ba6a5f1db95762a2f2665e1ccfe84b2ca419eed9ab95d63cefab4801998277ba73da934ed0a68110c1901aa138475ed00384e57a597f82cc8700f3856fa72bfd668348eb69a27dbb52aaaa3af887ccc32ea849df9e28be9687ce8f271662f05831c032af66bd20951abfbf81325ad81786a12cecfa173d0b49cbe56fa88a71cabe81f4a73e587c4d8c5585fa4795b55b3d5aa628eb18a99b87ad9b0fab49d577671fd7b30dcf34bc49e29680225159a19a607ac7670a4e46be5f4068117a338bc601e1b72869ec7d1be87a37df003233923851e8f0cac676c839c1dfeebd92b72f8eac79f8e486f3cd214a4869411418951091f8fec784460ed7e60ac4bb9321bc44946a4720326a08bd33490079849ee244ffc524b982f271d8f20a52a0ae6e5112ec3d2c07f756ce3e3903a696d375a4f22a4ee1f03213ffcf1dbef9493813300032df9f89d0e101828430ad715254e0c314e9313c8de55ea6283bc0ef9ac7216e0e538fc0f19a9fed501c80035901f8a94986ac0de92821a402431986ec8bacbe252e597ced5282be606a74335ed695af459ca04379605224a9787d45c0c4495b631f9769a56710f4b024f325410b83f605d53503e6386d0017038da83b7143034031d92528958628426960f383235e4689e170e94d56c696be087d17563e06c2d02070900121c7cef32e0bb408b66a381b585e0a1b3aa4c025f309e6696e9492a1f7a3f91e028936eb57c1a0cbc742812524858f2a488d74f5e970fade51af8595ae1d32fa882336c1897004640b181551b389e0e3c54ab14d8a3c18516f10d32bc89008d005d12408f4021ec3b60824c12c17bc02641b253c201ab6408c15ca53ce3a81d6e0406cac856abef17f7ad1626d821a85184e57e27023502754940ed086a715072cf422bce48c6ffc5753c70d4f13b90d60a40235159a6b9f612a42b0aa52d2215d82d03110ee241c44c3cb32d3971846d84edb20400a01e2ac62668cf00dd4cc904df2515288ca21e45406ead3e0b105f01939a159a1b16a09aa2805b1453ddeae755a94411b3df026693c4e52e6cad78756a62de99d87f8c454c7b7b4f58fa053cfbb4cbad03b06e902e338a4b2fc4164c27ac08b84d51cf8f6c374278d9107e0cfc15d42e64a67d86e2ed6b672c436961067f1eb8b33a577d2256006ef57854289942292863309471bddd00d43850e9227823789704deab8d5c2f5926c62318049063f17800fc1d8fbce5156d5b3cf7b68579d901609de1661fce05b4ea47c846c82e89df9ef92d216fcf0784868da604045da735934929c6823a8671200ca0000b41141f222823289704caf17f006e2a4794913d722a07a86519c33cd7ec32ea12e50a52086788c665bd0b3c12d3221b05ca03eb25f978947297575b5b7c956bfffc76d43987067a74de660f0a0864d91beba8389be07a36f7f206b3bb5053f7d8f867a2844270f96f53fc7f1e4a71ef110fac9d59aa2d24e629d6072f9262937e3957496bbbb9bbd56a6d7bd2ac06d74b2405e214b7c7de373a3892390bf22fee93cde1794ab52712811368f69512e79a5d6eafa7e2d6e0549a5a8739ff02b570d15cc715611d2832e4a91a1e0339b45ae482cb23d617e557ab98605f8acb505c490be4b3b8c57915cf31d07662354db98f469dc46bda5c80269e655c532f39e2b20bf3ce27d19ba44335616f585e88f59b831f40dc8dd7e49d9292d7afc911c17782e053dc8eefe989a17ec041a55186f4c7a32ed3bdf1a83475be52eedc75d906794cb9b8cc954faf1cf937076951458c468c2e0fa3470ab206433ab25a34fa2024cf87dc825eb93139708778f42a0c9a310da83a6ffc994e78467c467c2e510ae00cd089b79bc23a8eea7338728c10bc0f627584e35704c713185927d066130eb24b4b131b211721b73cc83d5796396f02d72ce9330dff22e022e09607b88ea0e194064d92f13b505138aaca280086036fa08367f70981f702317116c759fc4567312a767ea3aa3a871d178d08b7e5c1ed6975e0d41110902d1740fa55edc547cc7d2398a38269ce48a7af6c349346a82d116a4ffc962ec11ddd68628a505b26d49eabd4096f5e926c6804433b7c445c44dcf21077a2b4cbef13c4ee31502265bf4acafeccbaa19dcb22d53a309c199e718d3728cdb20d74fa83ee33c2aef2ac4717abe9807221c6a3eaf83623b4e78f73f33c57e8fa0fd3e2099e81e20927091e9ffde3b7df41af2c98b324f31b2f7bf3f70ea01b9705d3a0705e10ed0f17ead3f421f6c2f6ec890ee732bb82a2af3448cb8d55fa124f49df8c8873838dbb91be369c24a5bf968f939951630f0da7fbb57f323160962794bc608edd6e080e86c3e1e680f668453ba619fa695b64e413eaccf5177bbb7ddc3ade69af16322bba4312e7f07503f202672f04253af842a79cd6cba2e5f58b70ef9298623c4a78e6bd73f98d503d1e55c79c0cc929c483d86a88776f14525de9e60b8f9ae4cc78771118e2e8d484c0c084eb9e9be419deb70bc7a5420ee63f43d9a15961f71f8f1c43da850b49ab25af8049ff9249e0802ced009703de482f3cbcec01502b43472d404fdf29f42a24a90532e0ad2ae6e99e339d702a0209a8a4e2d254170952ee79266435cee7481df2d68c27e5cdd9e0abe8d019c33104bc2f593c923dc7080e1b8d273b8fee0a7707becfe9c2ad87b59c0c7e02d09ee4eb44befb40b7d9db2d91749f443aa57b5472331e45c27d22e6d0518bf7fa17e4c4044f8ae3a5a6cdb9c6e3ea8bc54419e32e80738882be0cab34ac5178209afb951bef0381282c7b04a47e50089c5fb43608c8107e0c7b145d8c721baed3f9d3d32678070f4e4417dc43c6b9724d6b2ac92b484a5ebf977825919176e32fe88960171eb392974b7b6cfe48db6ac939effe75c5e4bcee7a172aa9e3ff798db650162f9b78c18cba9ef7ef50dd0048fa288af9e140afba9b51fb59b391ece8608228f90df29a9279a1447d13cb431b6bff062c0f33be9e6f6e7558a3294bbd76540e2ec6e119cb456d1315b39b0cface3732e87d86b481a1bf97435e29c6c15b4f7507f0734d8cbbdfc8987f9a8931ae61ab5fc3500f0a52f382abb5f2be027b4b72c5e133401d429ed37d5c1029adc5578cd7fc173f5e33a6e5351baf3b1a9a8363a5534e85a7ee7b22ecdd34a2abcbe01c503f3621578add5f3ef0e74e84e5f505ee2a07ebe08c5e884b7278a95c971c3ff991fc95e6c5dfc9897268e026fc197f701664c145a45fc1415609fe359246feb6d56c93ad0669b7dbe4d1a376086fb749b30caf3925b119cdddc6f16ee3ce40681084ff982a1e0b14baca378ff78555fae679aa8e687211e6edfb1e692a27282b9d6657aa52f1bc48452aacefbe9f17b9e6575f9647b2dbd0c6807cd8999bf21f931c8ade19d6378409d57c84bfe1082d86f7f6eef66ea8bce83da758a25505c4b79a5e75d6bcd7b7d3605759abf26958b06ce66b9f515874f66b3b0daf82654a797f7865b0e7f0c0e40c4005f6b564bf98c647a72a79aa39ce7df48dd7e13681566eb77da67ad56fff1a7eb0ae3efdadcc83ff030000ffff0300504b030414000600080000002100f8b442332e0600008c1a000015000000776f72642f7468656d652f7468656d65312e786d6cec594d8b1b3718be17fa1fc4dc1d8fed197f2cf1067b6c276d769390dda4e428cfc81e65352323c9bb6b42a024c742a1342d3d34d05b0ba56d20815ed2537fcab6296d0af90bd5683cb664cb2c6936b084ac61ad8fe77df5e87da5471acfc54bc709018788714cd3b653b9e03a00a5218d703a6e3bb7f607a5a603b8806904094d51db9921ee5cdafef0838b704bc4284140daa77c0bb69d5888c956b9cc43d90cf9053a41a9ec1b51964021ab6c5c8e183c927e1352aeba6ebd9c409c3a20858974bb1ffffe8374767d34c22172b60bef7d22ffa582670d21617b996f3437d1b0d14125fbe2331e10060e21693b72a0881eeda363e10002b9901d6dc7557f4e79fb62796144c4065bcd6ea0fee6767383e8a0aaecd878b830f43cdfab7716fe158088755cbfd1aff7eb0b7f0a00c350ce34e7a263fd6eabdbf3e7580d94172dbe7b8d5ead62e035ffb5357cc7cf3e065e81f2a2b7861f0c82650c35505ef42d31695403cfc02b505eacafe11b6ea7e7350cbc02c504a7076b68d7afd78262b60bc888922b5678cbf7068dea1cbe4495b5d595dba762d35a4be05dca0612a0920b054e81984dd0088612174082870c831d3c8ee5c29bc09472d9ec56dd815b93ffb38fa74a2a22700b41cd3a6f0af95a53c607f090e189683b1f4baf8e0679f5fca757cf9f829307cf4e1efc7af2f0e1c9835f2c5657603ad6ad5e7effc5bf8f3f05ff3cfdeee5a3afec78aee3fffcf9b33f7efbd20e143af0c5d74ffe7af6e4c5379ffffde3230bbcc3e05087efe30471700d1d819b349113b30c8086ecf52cf66388758b4e3ae63085998d05dd17b181be3683045a705d6446f036933261035e9ede3508efc56c2ab00578354e0ce02ea5a44b99754e57b3b1f4284cd3b17d7036d57137213cb48d1dace4b73f9dc8f58e6d2e831819346f1099723846291220eba3070859ccee606cc47517878c723a12e00e065d88ad21d9c74363352d8daee044e665662328f36dc466f736e8526273df43872652ee0a486c2e1131c278194e054cac8c614274e40e14b18de4de8c8546c0b990991e2342413f429cdb6caeb39941f7aa94177bda77c92c31914ce0031b720752aa237bf420886132b172c669ac633fe20772894270830a2b096aee90ac2ef300d38de9be8d9191eed3f7f62da9acf60592f54c996d4b206aeec7191941a49c9757f43cc1e9a9e2be22ebfedb957529a42fbe7d6cd7dd7329e81d86ad3b6a55c637e156c53ba02cc2e75fbb7b709ade4072bb58a0efa5fbbd74bff3d2bd693f9fbd602f355a5de28babba72936cbcb78f30217b6246d00e57eacee5f4a2816c541565b4784c98c4b2381fcec08d195465c0a8f8048b782f8613394c458d30e673d7630e2694cbf341355b7d671d649aecd2286fad548a27536900c5b25d9e2f45bb3c8d44de5a6f2c1fc116ee556dac1e950b0299edeb90d0063349d42c241a45e32924d4ccce8445cbc2a299b9dfc8427dcdb322f71f80d9af1abe973392eb0d12146579caed8bec9e79a63705d39c76d532bd56c6f56c326d90d0969b49425b86318cd06af319e7bab54ca9412f0bc53a8d46f36de43a1391156d20a959034772cfd57ce9268493b633923743594c26d21fcf74139271da7642310ff4ff519609e3a207799cc354573eff040bc400c1895ceb7a1a48bae456a936b2399e53722df7fc454e7de94946a3110ac586966555f6e54eacbd6f08ce2a742a49efc5d111189229bb0965a0fc46250b6084b9584433c24c5bdccb28aec8d57c2b1abf982db728249318ce4f145dcc73b82a2fe868f3504c576765d6e793198eb324bdf1a97bba51d6a189e68603243b35edfaf1f60e798dd552f70d56b974af6a5dabd0ba4da7c49b1f081ab5e56006b58cb185dab2d5a4768617026db8c5d2dc74469cf569b0ba6ab303a2b857aadadaab093abc2b577e4f5e57a7447045151dcb6784a0f851395702d55aa8cbb1005386dbce3dd7ef7841d50f4a6ed3ef97bc9ae7969a7ea756eaf87eadd2f72b6eaf5bbd2f8322e2a4e2e7630fe4f30c99cd5fbda8f6b5d72f4971cdbe10d2a44cd53db8ac8cd5eb974ad578fd92df93c17ed6ef002c2373af5e1db46aad6ebdd4aa750625afd76d965a41bd5bead583466fd00bfc666b70df01870aec756a8157ef374bf54a1094bcba9bd16fb64a0daf5aed788d4eb3ef75eecf632d675e7c17e155bcb6ff030000ffff0300504b03041400060008000000210085ffcda3be030000f609000011000000776f72642f73657474696e67732e786d6cb4565b6fdb36147e1fb0ff60e8798a65f9125bab5338beac29e27588bd97bd51226513e10d2465c71df6df77488991dd0685b7a24fa6ce77eefccea1dfbd7fe1ac7320da5029a651ef26893a44141253b19b467f6e57f138ea188b04464c0a328d4ec444efef7efee9dd3133c45a50331d70214cc68b69b4b75665ddae29f68423732315110096527364e153efba1ce9e74ac585e40a599a5346eda99b26c9286adcc869546991352e624e0b2d8d2cad33c96459d282343fc1425f13b73659c8a2e244581fb1ab09831ca4307baa4cf0c6ffaf3700f7c1c9e15b451c380b7ac75e7245b947a9f1abc535e93903a565418c810be22c2448451b78f095a3d7d83710bb29d1bb02f35ee24fe7990fff9b83f40b07865d53490d3dd25c235df3a4298317d9c34e488d7206ac84723a90517407b4fc2c25ef1c3345740177039c4e92a8eb004c4a5431bb45f9c64a052a070439dc26e31ade9fd49e084f88bf80ea011fa4c31a2ff648a3c212bd51a880b6cea5b05ab2a087e5efd2ce81d61abade587892b7a74d3d3060211087ac2f86602d3130fa98559a5edf5867e0a3f742926f069230e09a62b275dddad813232b487e433f9399c01f2b632978f4957f4706df4a00fa0a913fc1fd6e4f8aac08b215b4e90705f337b16254ada9d6523f080c3cf861c16859120d0128b2640df4a25a1e7d9f3f108461af7e67dcee398d604b63130e4f52daa09a24c97dda5bf5eb4c1d7a0dd21b27f371331c97487f3e98df8ede426649b2bc9dbc85ac06fd64b06c726e32e599db8a7fe87072b4ebf0da628e78ae29eaacdddeec3a8d5c3fdf5311f09cc02220e7c8a6ca0318c7356038626c057319005f0ecf30356a414a7f666ba477addf4643bf29851df1f1d597db1f44ffa665a56af4a891aae914547a83416349857da43cc84d956f829580d5750655027f3a68dfa7b63dc7cc022dfc583e224f2faf5bea78f5e40891530c14423adecc1a3632bd714c226ba4544dc87cd79b468ceef6b6e74c2c7c61786dfd47be4b1b2cf5585a63fe0315ae50d06e0ead2c0db233bd7e90f55bd920c806ad6c1864c356360ab29193c1c2259a51f10cb3118e4e5e4ac6e491e00f2dfe95a86e82d9234516f55a07b6c95ad0ec79d33964e4051e0082a9853f318a628e5edc7b907a6637da0c9d64652f741de694d5a5078c2c0a537961ec19ff452eeeb92928b07373e279fb4afc5227cea8814da2e041b15207ec578ff586fea5b15b20f5335cec1329ef9121b8c1b02c1eb07beb6a9bbfd3517fb94826cb789e4c26f120bd4de3d9723c8f17abd92cbd5fa4c3c968f84f3394e10fdbddbf000000ffff0300504b0304140006000800000021005900d0b7820100009f03000014000000776f72642f77656253657474696e67732e786d6c9493c96ec2301086ef95fa0e91ef908068d5462c12425495e8a296f6ee3813b06a7b2cdb90c2d37748d85a7a804b3c8bff2f33fa93eee05bab6809ce4b343dd66a262c0223309766d6631fd371e38e453e70937385067a6c059e0dfad757dd322d217b8710e8a68f88627caa458fcd43b0691c7b3107cd7d132d186a16e8340f94ba59acb9fb5ad886406d7990995432ace27692dcb22dc69d43c1a290024628161a4ca8f4b1034544347e2eaddfd1ca736825badc3a14e03deda355cdd35c9a3da6d5390169291c7a2c429396d94e54a148de4aaa48ab03e0e632407b0fd0227d9c19743c5364014d12118cf5c9835c2efdf68cca54e66461e7eebe458f4ed5cf305f8daade922b6ab2785325072650845d35d957dfe46cfe4f798af6b438c41050ffa9d31cc3dc6da270d018fa7218257ebdb9b7092c17b08d052a24c3f922608d5047935da6cc7e4d7499d61d6f7e89343e2c5d87bbb3f2056d905aae618c6ee8b0f4e0eab7815abd98cfa7499571a5b07c7d7ea86947bf55ff070000ffff0300504b0304140006000800000021008361a0e7f90c00008e7900000f000000776f72642f7374796c65732e786d6cd49d5b73dbba11c7df3bd3efc0d153fbe058f235c91ce78cedc4b5a74ee21339cd334442166a925079f1a59fbeb89014a825282e88e399e62516c9fd11c47f7781e5f5b7df5f923878a259ce787a3699bd9b4e029a863c62e9c3d9e4e7fdd5defb499017248d48cc537a3679a5f9e4f74f7ffdcb6fcf1ff3e235a679200069fe3109cf26aba2587fdcdfcfc3154d48fe8eaf692a562e79969042fccc1ef613923d96ebbd90276b52b0058b59f1ba7f309d9e4c2a4c3684c2974b16d2cf3c2c139a16ca7e3fa3b120f2345fb1755ed39e87d09e7916ad331ed23c17079dc49a9710963698d91100252ccc78ce97c53b7130558b144a98cfa6eaaf24de008e7180830690841f6f1e529e91452c7a5fb42410b0c927d1fd110f3fd32529e322973fb3bbacfa59fd52ff5df1b4c883e78f240f19bb177b16908409def5799ab3895843495e9ce78c74ae5cc93f3ad78479612cbe60119beccb3de6ff152b9f487c363938a8975cca16b496c5247da8972db3bdab1f664bce2634ddfb39978b16827b3621d9defc5c1aee5707a6ff370e77bdfd4bed784d42a6f6439605159e353b994a68cca4231f1c7fa87ffc2865df92b2e0d54e1440ffdf60f7418f0b8713ee37d75120d6d2e52d0f1f69342fc48ab389da9758f8f3e62e633c139e7e36f9a0f62916ce69c2ae5914d1d4d8305db188fe5ad1f4674ea3cdf23fae94b7560b425ea6e2efc3d399f282388fbebc84742d7d5fac4d89d4e49b3488e5d625dbec5c99ffa786cd2a25baec5794c80410ccb611aaf928c481b4c88da3054cd5ac72ebd8d556a81d1deedc916afcf81d1dbdd58e8edf6a47276fb5a3d3b7dad1fbb7da91c2fc993b6269445f7420c2dd00ea2e8e251ad11c4bb0a139965842732ca182e6582201cdb1383a9a63f16334c7e2a6084ec1439b171ace7e68f1f67eeeee31c28dbb7b4870e3ee1e01dcb8bb13be1b77777e77e3ee4ee76edcddd9db8dbb3b59e3b97aaa15dc88304b8bd151b6e4bc4879418382be8ca79154b05455e48727073d9a7939480f189dd9aa8178342d24eaf76e0f5141ea3e9e17b2900bf83258b2873213c5f4d886d3f489c6a2ac0d4814099e4760468b32b3f4888b4f677449339a86d4a763fb83ca4a3048cb64e1c137d7e4c11b8ba691e7eeab895e9242e3d0a27e5ec920611e9c3a2161c6c7378d136ff9e196e5e3fb4a42828b328ea927d6373f2ea658e36b0385195f1a28ccf8ca4061c617068666bebaa8a279eaa98ae6a9c32a9aa77ed3fee9abdf2a9aa77eab689efaada28defb77b56c42ac59bb38ed9f07377973197e7b147b763ce1e52222600e3879bea9c69704732f29091f52a9067a5bbb1e63163f773c1a3d7e0dec798d6907ccdeb958b5c8aa3666939be435b345fc1d5f03c8557c3f314600d6f7c887d15d3643941bbf653cfcccb45d119b48a342868e7242ef584767cb49162bc876d02e08a65b9b730e8c67af0e06f723a2be5f491f936ad1cdfb00d6b7c586d6725afcdab901e5a19f3f0d14f1abe7e5dd34c94658fa349573c8ef9338dfc11e745c6b5af99217fa0241914f25f92f58ae44cd54a2dc4f0a1bebe021e7c25ebd10774171396fad1edcb5e42581cf89b415cdf7fbd0deef95a9699b263fc002f7851f0c41bb33a13f8b75f74f1773f0d3c174570faeae968cf3d9d1e52b04be66190d1241e79228969264b99973154f1fe495f179c64911fda5d46f54d2705f5449c9364ad271d1e624be4c567917f3ccc8614ef5f2463f2bc90afa0baf702334e1be6e5e2df341c9feabef1c0cb99a1ef65a1ce3faaa9aeb2f6871b3f4d68e1c64f11949a627890feebe1605bb8f107dbc2f93ad8cb98e439b35e4275e6f93adc9ae7fb78c7177f158fc73c5b96b1bf0eac81de7ab0067aeb421e97499afb3c62c5f378c08ae7fb783dba8ce2793825a778ffc858e44d0c05f3a58482f99241c17c69a0605e05187f878e011b7f9b8e011b7faf8e86799a0218305f7ee675f8f77495c780f9f23305f3e5670ae6cbcf14cc979f1d7e0ee8722926c1fe861803e9cbe70ca4bf81262d68b2e619c95e3d21bfc4f481783841aa6977195fcaa71178aa6fe2f68094e7a8638f936d8df325f22fbaf0d634c9f2d92e0f6744491c73eee9dcda66c05196ed7bd77699a927394637e12e26215df138a299e598ecb6a25e9eebc732b69baf9a31e8b4e72d7b5815c17cd59ced373127d39d9675c1de32dbbdc3ae3e3fa99f67e932fb4a2356267543e1c3142787c38d9547b78c8f761b6f66122dcbe38196709f27bb2d37b3e496e5e9404bb8cff7032d559cb62cfbe2e133c91e3b1de1b4cf7f9a1acfe27ca77d5ed41877eeb6cf911acb2e173cedf3a256a804e76128af16407586c58cdd7e58f0d8ed315164a760c2c94e191c5776445f80fda04f4c8eec98a4a9f6d7dc3d01f2be9a440fca9c7f945c9fb76f5d701afe50d78d9838a5390d3a3987c32f5cb5b28cbd1f07a71b3b6270deb1230627203b625026b29aa352929d323837d9118393941d81ce567044c0652b688fcb56d0de255b418a4bb61a310bb023064f07ec0874a042043a5047cc14ec0854a00273a740851474a042043a5021021da87002860b54688f0b5468ef12a890e212a890820e548840072a44a0031522d0810a11e840759cdb5bcd9d021552d0810a11e840850874a0aaf9e2884085f6b84085f62e810a292e810a29e840850874a042043a5021021da810810e548840052a30770a544841072a44a0031522d081aa1f35740f54688f0b5468ef12a890e212a890820e548840072a44a0031522d0810a11e840850854a00273a740851474a042043a5021021da8ea62e1884085f6b84085f62e810a292e810a29e840850874a042043a5021021da810810e548840052a30770a544841072a44a0031522fafcb3ba4469bbcd7e863feb69bd637ff8a5abaa513fcc47b94dd4e17054dd2a3b6bf8b308179c3f069d0f1e1eaa7a6318842d62c6d5296acb657593ab6e89405df8fc7ed9ff848f491ff9d2a5ea590875cd14c08f865a82732a477d2e6f5a8222efa8cfd34d4b30eb3ceacbbea62518068ffa92ae8acbfaa614311c01e3be346318cf2ce67dd9da30875ddc97a30d43d8c37d99d930841ddc978f0dc3e34026e76debe381fd74d2dc5f0a087dee68104eed843eb7845ad5e91806c650d1ec84a1ead9094365b413507a5a317861ed28b4c276949bd430ccb052bb07aa9d80951a129ca4061877a921ca596a8872931a2646acd4908095da3d39db094e52038cbbd410e52c3544b9490d8732acd49080951a12b0528f1c90ad1877a921ca596a8872931a4eeeb0524302566a48c04a0d094e52038cbbd410e52c3544b9490daa64b4d49080951a12b052438293d400e32e3544394b0d517d52abb3282da9510a1be6b8499861881b900d435c72360c1daa25c3dab15a32088ed512d4aad61c572d99a2d90943d5b31386ca6827a0f4b462f0c2da516885ed2837a971d55297d4ee816a2760a5c6554b56a971d552afd4b86aa9576a5cb564971a572d75498dab96baa4764fce768293d4b86aa9576a5cb5d42b35ae5ab24b8dab96baa4c6554b5d52e3aaa52ea9470ec8568cbbd4b86aa9576a5cb564971a572d75498dab96baa4c6554b5d52e3aa25abd4b86aa9576a5cb5d42b35ae5ab24b8dab96baa4c6554b5d52e3aaa52ea971d592556a5cb5d42b35ae5aea95da522ded3fb73ec024d9ea836462e3e2754de53bb88d076622fd0ed2ea22a0daf0266a3e94248d654b82ea9354d562d5e0ea82a1dea332dcb1ab067ecf8a8c1e00f8e6cb488abf20398dbecbbe30765d75562adfccd7b542bec2ae5ea177734932bd2acb45e559ad9a4ea71707b3abeae261f559ac6716f167f90c74c6e36643bd45289f8c7e294a12570f69aaa55cbffde7f6a9d95cb5a2fe4e96e5636367936b1a3fd1828524f846f55b4f375ff882ebd4a7c6ba56843958aa3bae6ab2f096ba5d17efcfaf66e77ab5f12132154ec6b7c32c2a862b216358bd03cbe230773c66c27b491689d505d0d6f2aa5bd5a08d0bb7bad1bc94adb76b5db6eef5bb42864c4f6b554891b2d7cb75dcd99af8a14a24bbda285ab488b51b883f6e52e982cfd5b7bd745ba317a25162fd258de3af446fcdd7f64d63ba94fe2fd6cea6eab5075beb17fa0d7e56fb4ca57a2b60bfdd18fdb3df47f43bfdab7b102cbd7e5e86654a6391d368479fabbb62c676f740270ecb5cf48f4a90db8d4ccb187a845ad89595b6dcbe37d160d364132b34b2749a1a1e36cf3fdad3a6ad5b0fab9b2036b97c409e64ca89a50bca9b957a32a4f1c1c091a26c52f97617a83562d2d1a4f90102c14162d708f17f91c8e512e38b92f514457f5172d330fd59492dcf8ec4dff2cb1e79ea211806b53134eff42bf0594af3a394a76ab663ff28a555a3f38ce997856c7aa0595429d2fc9642e81fb0e7a7eadf1bf4f356affea20bdb00a5dfa88a8ffae1631742b3857c8da7f48ca9924dff3c172a559b543e537f71546fa57ec18d2acd8f1a07406a7ecf129a8b407a0e7ef084a847ca37ba74acacfca0638df488edc5dbc157e5d09653d437978d708a566e6c9ce296d174255fd62cb32d1c1136ef711e9a0cff1cf7a8840111747555edb55e283fc9a06759b047eabff24fff030000ffff0300504b030414000600080000002100b233adbc77010000ed02000011000801646f6350726f70732f636f72652e786d6c20a2040128a00001000000000000000000000000000000000000000000000000000000000000000000000000000000000000000000000000000000000000000000000000000000000000000000000000000000000000000000000000000000000000000000000000000000000000000000000000000000000000000000000000000000000000000000000000000000000000000000000000000000000000000000000000000000000000000000000000000000000000000000000000000000000000000000000000000000000000000000000000000000000000000000000000000000000000000000000000000000000000000000000000000000000000000000000000000000008c925d6fc2201486ef97ec3f34dc5740dd874dadd947bcda922573d9b23b84a3325b208076fdf7a3add635f36277e7e3392f8717d2d97791477bb04e6a3545744050048a6b21d57a8ade16f3f81645ce332558ae154c51050ecdb2cb8b949b846b0b2f561bb05e828b829272093753b4f1de24183bbe8182b941205468aeb42d980fa95d63c3f896ad010f09b9c60578269867b8168c4da7880e928277926667f34640700c3914a0bcc37440f189f5600b7776a0e9fc220be92b0367d163b3a3bf9decc0b22c07e5a841c3fe147f3c3fbd36578da5aabde280b254f0c44b9f4396e2531822b75b7e01f76db94b42cc2d30af6df6cab67915dd557ab76c9863bd767c0b55a9ad7061ba97054c80e3561a1fdeb1d5ee15029d33e79fc3c3ae2488fbaa7fccdf763d61612feb7f918d1ba24bd383c9ed6a20a2604ed25a79ecbc8f1e1e1773940d09bd8a2989c9644147c9f82621e4b3deae377f122c0e0bfc43915e2f2849c693bee251a035a8ff41b31f000000ffff0300504b0304140006000800000021003ed6463a040600005744000012000000776f72642f6e756d626572696e672e786d6cec5ccb6ee33614dd17e83f1802ba4c2cc97ad8c63883f85564900e8a4e8aae6599b68591488192edc976b65d74d76ebbeb27f47ffa03f30ba548499162bdc5d85e68a50cc57bc573782fef0169cebbf75f1cbb7700d8b3109c08d2ad28f40034d1da82db89f0ebd3f26628f43cdf806bc346104c8467e009efefbeffeedd710cf7ce0a60d2b1477c406f7c74cd89b0f37d77dcef7be60e388677eb5826461edaf8b72672fa68b3b14cd03f22bceecba224d2bf5c8c4ce079c4cfcc8007c3134277cea937e402485e6e10760c9ffc136ffb8e813fefdd1be2dd357c6b65d996ff4c7c8b5ae4064d843d86e3d0c54d3ca0c064cc06143e220b5ce5bbcc648eccbd03a04fbfd8c7c0266340d0db59ee0b8ca6dec8cb5de4e45004e2e0d851bfa32b29ede6608e8d2379bc38ac32fc3533726c36f2628f925861460217b1459521a4bf198dc4312cf8f2e146d424c895d47a0ee4d70edc6dbbc9f911a3bdfbe2cd6ae7ed017e8e7d05a95dc35738c949685ebbc17cda192ec940c71c3f6c21c2c6ca26232253d623acf782b016eec89263ac3c1f1ba6ff71eff452ff7a584f049176819eb526ef0e864d5a644957d5a126f48337cedef6ad477000f6d3b30ba23ebbe715b6d63f05efece01debeb3bae1df5904792a249aaccded887e085451ec117c99fbe6b93954a54c499288a121d035930b11f994bcc8eac964b276e5ced6d1bf8b1c727f0257ef5edebbf71fb07336ab5c126eceefe8c838705039841f344d0653a929d01b774dd1e6862d0b71f77c6e16389a0ef05cc79a645a2e7d3b3b3423635bd27bca51a2c481cafc1c620cc84cea8973e1dd86b26a4132606b485ac6664493c80a0476b66505d5e24456946cc0cedb10570ef233826d879d56a7aa71debb1269fb0a6f267eddbd77feaf2264b5a33de7e23bd03e9e025584bb7d5238805513ac1de80a0da09270f8797ce38e52a338ef070d519c7f2ebfa324e19345cc279679c76a519a78a0d97727e19a75f65c6a97ac3b5fa4c1937bcd28cd394864b78fb8ceba7a46bf08d425dcbf849e95ae57e2e2af29081cbd6b5b43547d10ea62365b15cdec79cc5b3c53474f95cac81693946e8fad564fc20dd56990c9fc00c9f511ff28d804017794cd332eea28e35146f9148ad1f788560651e60a950cd475ba6638bd42567b8031e70a9becc875b263f8bb42267b80a17b8815a2c805b22268bf41f67b82a0fb85403e6c32d938845c28d335c8d075c2addf2e19629bb2219c619aece032e1562f970cb745a91b4e20c77c8056e20af0ae096a8af224dc419ee88075caa8af2e19689a6860a473e5138b2a80f5569a1b3b1d757388a345d8c16fa2ca624e6beaac229509bfffdf54715aa33f4cac6c29eff6805bbad7972731f4f0b8220ec51b8f1c601ceef75e1448224814712e3c8690588c5423b407ffe5d1750243992808671196b05687091808b44450290acc685aa1520b6157fee908b64433285e4b814b502a45e24e42261900434e2b328681709b9a8f42700291a9f4541bf48c845c53d014855f82c0ac38b845c54be138034a9e9a250b3c6b3653055e3970b5195a4c6bb18a3f9bd3c9f6a8b988598ddaec67388feaec65707d4d5782e21d7d5f8ea80ba1acf25e4ba1a5f04a8668d67ab46b2c6abbaa22aaadcf217384b71b1d047030a22cd31859a3a5d5a56649dc30906a70389c4e8a551c39d211b1d017e04be0f7036a26ac714bc0e1d9290a66d20fd821c036623ca3c89c0d67657ae006248527ae9ca2beea731d60c1287a3065e07076709ba6ac709bc0e07ce1174992706c5417772005029e84e7f87f1264157ed4880d706ff5982aedab63faf4dfc73045de6ce7e71d09d6cd4e7045dcd02cf5474b2c0ebf252d587d1467bd302bf98de2fa4f922dc0a48b2dc15f88a61df15f8aec07705be2bf05d81ef0a7cf302cf769552055ed3a6ca400b6fbf342df0fa5c9fe9b365e679fceb3cb8cc0f8cbb3b34d9bc747768683c757768ba3b3467cab8328974e98cebeed09410d4dda1c9a5a6bb43d3dda179a33b3490ea5998bc339312b711227a16d5a73d4fccd80f1332cd289d3966ecf83fd38ceae61cb3933bed2f66830233b609976916b19f65c6a47da6995a60c68e6533cd94a4197bb2ff10e4ee7f000000ffff0300504b030414000600080000002100f936bfc755020000ab09000012000000776f72642f666f6e745461626c652e786d6cd494db8eda301086ef2bf51d22df2f7142386a61c5d245ad54ed45bb55af8d7188551f22db21cbdb77e204580a7489aa9e62219c19fbcfe4cb3fbebd7b9622d83063b956131475300a98a27ac5d57a82be3c2d6e8628b08ea815115ab109da328beea66fdfdc96e3542b6703d8afec58d209ca9ccbc7616869c624b11d9d3305c9541b491cdc9a752889f956e43754cb9c38bee482bb6d1863dc478d8cb94645a729a7ec9da68564caf9fda1610214b5b219cfed4eadbc46add466951b4d99b5f0ce52d47a9270b59789921321c9a9d156a7ae032fd354e4a5607b84fd4c8a8340af9d40bc179074fc61adb4214b01f0a19200c4d0b4a11f94634524243e6fe5520b1fcf89d2964590da103141b80723c2555503dc87ff1e1ea0b05a4833622cab34ea85711d4e89e462bb8b1a2d89aa13397734dbc537c4f0aaa63a65f91a12855d62d0692e54472230d571243e59d33d8e50af333c8e442fd6c033c31ac00988272e990d1e59197cf2959f2312c3e8e32e9048e017c32c394fc43fe9d7893c40cdf1c36271203287c86098744f888c7e46c4df46b5cef544e6ba309c998ac9051a032030f2542a1a492b1a52af98398723e5cf6cf5afb1f80a1d5e9d6cf642a79c5c2d3a85144eff478d3227822f0dbf608985b74235123047dcca12b6e4d6b66e101cbf34450281d97c1f3990885e37c5a8a5296650d6f9a333c6f77050240d094fe3b773f87bcdf19e890d739c12382a0ae68110e11e21b7abfcc7c3f57a16179a63c552520877854f838f7c9db98b6ead3cfaa7dc3aab40c2673a762b1ca3f7edfab6fe4aafbab599d8e977000000ffff0300504b0304140006000800000021001d140b91dc010000db03000010000801646f6350726f70732f6170702e786d6c20a2040128a00001000000000000000000000000000000000000000000000000000000000000000000000000000000000000000000000000000000000000000000000000000000000000000000000000000000000000000000000000000000000000000000000000000000000000000000000000000000000000000000000000000000000000000000000000000000000000000000000000000000000000000000000000000000000000000000000000000000000000000000000000000000000000000000000000000000000000000000000000000000000000000000000000000000000000000000000000000000000000000000000000000000000000000000000000000000009c534d6fdb300cbd0fd87f30746f14674951048a8a21c5d0c3b61688db9e39994e84c99220a941b35f3fca5e3c65db693e3d3ed2e4e387c4ed5b6faa2386a89dddb07a3667155ae55a6df71bf6d47cbaba61554c605b30cee2869d30b25bf9fe9d780cce63481a6345296cdcb0434a7ecd795407ec21cec86dc9d3b9d0432233ecb9eb3aadf0cea9d71e6de28bf9fc9ae35b42db627be5a7846cccb83ea6ff4dda3a95f5c5e7e6e4299f140df6de4042f935ff69049f08d1b804a6d13dcafa03f193251e618f512e041f817871a18d72b99c0b3e42b13d400095687a72b15cd4821784f8e8bdd10a120d567ed12ab8e8ba543d0c6aab9c40f0324450073b54af41a793a412a5293e6b9ba5103d22d216601fc01fa25c65819325760a0c6ea979d9818928f86f42dc23e4c53e82ce028f697d44955ca8a2fe41ab5db0ea1b44cc23dbb023040d36b1316c34066c7c4c41363a05ca3dd9032cc34aac97b21e02085c060ec6a081f0a53aaa60303e74d45bfa87d8ba143b6818a516724a65e71a7f64ddbade83a501f309d180bfc727dfb8bb7c1dbf667849167b7fd1e9b0f3a0f2766e56d7e505142eb123165b5ae9b4948910f7d44230b900fd6bf7d89e63fe76e49b7a1edfaaac57b3397dc3119d39ba84e911c99f000000ffff0300504b01022d001400060008000000210032916f5766010000a50500001300000000000000000000000000000000005b436f6e74656e745f54797065735d2e786d6c504b01022d00140006000800000021001e911ab7ef0000004e0200000b000000000000000000000000009f0300005f72656c732f2e72656c73504b01022d001400060008000000210044b14fdd530100005d0600001c00000000000000000000000000bf060000776f72642f5f72656c732f646f63756d656e742e786d6c2e72656c73504b01022d0014000600080000002100aa2385214d0b000071730000110000000000000000000000000054090000776f72642f646f63756d656e742e786d6c504b01022d0014000600080000002100f8b442332e0600008c1a00001500000000000000000000000000d0140000776f72642f7468656d652f7468656d65312e786d6c504b01022d001400060008000000210085ffcda3be030000f60900001100000000000000000000000000311b0000776f72642f73657474696e67732e786d6c504b01022d00140006000800000021005900d0b7820100009f03000014000000000000000000000000001e1f0000776f72642f77656253657474696e67732e786d6c504b01022d00140006000800000021008361a0e7f90c00008e7900000f00000000000000000000000000d2200000776f72642f7374796c65732e786d6c504b01022d0014000600080000002100b233adbc77010000ed0200001100000000000000000000000000f82d0000646f6350726f70732f636f72652e786d6c504b01022d00140006000800000021003ed6463a04060000574400001200000000000000000000000000a6300000776f72642f6e756d626572696e672e786d6c504b01022d0014000600080000002100f936bfc755020000ab0900001200000000000000000000000000da360000776f72642f666f6e745461626c652e786d6c504b01022d00140006000800000021001d140b91dc010000db03000010000000000000000000000000005f390000646f6350726f70732f6170702e786d6c504b0506000000000c000c0001030000713c00000000, '2015-10-25 17:40:01');
--
-- Base de données :  `ili_erp`
--

-- --------------------------------------------------------

--
-- Structure de la table `client`
--

CREATE TABLE IF NOT EXISTS `client` (
  `id_clt` varchar(50) COLLATE utf8_bin NOT NULL,
  `nom_clt` varchar(50) COLLATE utf8_bin NOT NULL,
  `prenom_clt` varchar(50) COLLATE utf8_bin NOT NULL,
  `date_nais_clt` varchar(50) COLLATE utf8_bin NOT NULL,
  `adresse_clt` varchar(250) COLLATE utf8_bin NOT NULL,
  `fix_clt` varchar(20) COLLATE utf8_bin NOT NULL,
  `fax_clt` varchar(20) COLLATE utf8_bin NOT NULL,
  `portable_clt` varchar(20) COLLATE utf8_bin NOT NULL,
  `email_clt` varchar(50) COLLATE utf8_bin NOT NULL,
  `rc` varchar(50) COLLATE utf8_bin NOT NULL,
  `activite_clt` varchar(250) COLLATE utf8_bin NOT NULL,
  `nom_con_clt` varchar(50) COLLATE utf8_bin NOT NULL,
  `prenom_con_clt` varchar(50) COLLATE utf8_bin NOT NULL,
  `post_con_clt` varchar(50) COLLATE utf8_bin NOT NULL,
  `email_con_clt` varchar(50) COLLATE utf8_bin NOT NULL,
  `tel_con_clt` varchar(20) COLLATE utf8_bin NOT NULL,
  `tel2_con_clt` varchar(20) COLLATE utf8_bin NOT NULL,
  `created_by` int(8) NOT NULL,
  `created_date` date NOT NULL,
  PRIMARY KEY (`id_clt`),
  KEY `created_by` (`created_by`)
) ENGINE=InnoDB DEFAULT CHARSET=utf8 COLLATE=utf8_bin;

--
-- Contenu de la table `client`
--

INSERT INTO `client` (`id_clt`, `nom_clt`, `prenom_clt`, `date_nais_clt`, `adresse_clt`, `fix_clt`, `fax_clt`, `portable_clt`, `email_clt`, `rc`, `activite_clt`, `nom_con_clt`, `prenom_con_clt`, `post_con_clt`, `email_con_clt`, `tel_con_clt`, `tel2_con_clt`, `created_by`, `created_date`) VALUES
('0000000 a/a/a 000', 'ili-studios', '', '', 'tunis', '', '', '', '', '', 'aaaaaaaaaaa', '', '', '', '', '', '', 8088718, '2015-11-23'),
('00000001', '1', '1', '', '1', '', '', '', '', '', '', '', '', '', '', '', '', 8088718, '2015-11-23'),
('08088718', 'Sakly', 'Ayoub', '22/09/1988', 'TEST', '12.313.213', '12.313.213', '13.213.213', 'test@test.com', '', '', '', '', '', '', '', '', 8088718, '2015-11-22'),
('980198', 'nom', 'prenom', 'date_ness', 'adresse', 'fix', 'fax', 'portable', 'email', '', '', '', '', '', '', '', '', 8088718, '2015-11-23');

-- --------------------------------------------------------

--
-- Structure de la table `system_log`
--

CREATE TABLE IF NOT EXISTS `system_log` (
  `id` int(10) NOT NULL AUTO_INCREMENT,
  `id_user` int(8) NOT NULL,
  `date_operation` varchar(100) COLLATE utf8_bin NOT NULL,
  `operation` varchar(500) COLLATE utf8_bin NOT NULL,
  PRIMARY KEY (`id`),
  KEY `id_user` (`id_user`)
) ENGINE=InnoDB  DEFAULT CHARSET=utf8 COLLATE=utf8_bin AUTO_INCREMENT=119 ;

--
-- Contenu de la table `system_log`
--

INSERT INTO `system_log` (`id`, `id_user`, `date_operation`, `operation`) VALUES
(1, 8088718, '11-11-2015 10:27:29', 'Suppression de privilége <strong>MODIFIER</strong> sur le bloc <strong>USERS</strong> pour l''utilisateur : <a href="ili-users/user_profil?id=9188047">9188047</a>'),
(2, 8088718, '11-11-2015 10:27:31', 'Suppression de privilége <strong>VOIR</strong> sur le bloc <strong>USERS</strong> pour l''utilisateur : <a href="ili-users/user_profil?id=9188047">9188047</a>'),
(3, 8088718, '11-11-2015 10:33:46', 'Utilisateur : <a href="ili-users/user_profil?id=9188047">9188047</a> a été <strong>banni</strong>'),
(4, 8088718, '11-11-2015 10:33:47', 'Utilisateur : <a href="ili-users/user_profil?id=9188047">9188047</a> a été <strong>débanni</strong>'),
(5, 9188047, '11-11-2015 10:36:45', 'Ajout du diplôme : test, pour l''utilisateur : <a href="ili-users/user_profil?id=9188047">9188047</a>'),
(6, 8088718, '11-11-2015 10:37:22', 'Utilisateur : <a href="ili-users/user_profil?id=9188047">9188047</a> a été <strong>banni</strong>'),
(7, 8088718, '11-11-2015 10:37:24', 'Utilisateur : <a href="ili-users/user_profil?id=9188047">9188047</a> a été <strong>débanni</strong>'),
(8, 8088718, '11-11-2015 10:38:57', 'Ajout de privilége <strong>CREER</strong> sur le bloc <strong>USERS</strong> pour l''utilisateur : <a href="ili-users/user_profil?id=9188047">9188047</a>'),
(9, 9188047, '11-11-2015 11:43:13', 'Connexion'),
(10, 8088718, '11-11-2015 16:09:53', 'Déconnexion'),
(11, 8088718, '11-11-2015 16:10:46', 'Connexion'),
(12, 8088718, '11-11-2015 16:10:55', 'Déconnexion'),
(13, 9188047, '11-11-2015 16:11:00', 'Connexion'),
(14, 9188047, '11-11-2015 16:25:09', 'Déconnexion'),
(15, 8088718, '11-11-2015 16:25:14', 'Connexion'),
(16, 9188047, '11-11-2015 16:28:08', 'Connexion'),
(17, 8088718, '11-11-2015 22:56:24', 'Connexion'),
(18, 8088718, '11-11-2015 23:13:57', 'Déconnexion'),
(19, 9188047, '11-11-2015 23:14:04', 'Connexion'),
(20, 8088718, '12-11-2015 13:33:22', 'Connexion'),
(21, 9188047, '12-11-2015 13:33:37', 'Connexion'),
(22, 9188047, '12-11-2015 15:24:04', 'Déconnexion'),
(23, 9188047, '12-11-2015 15:27:49', 'Connexion'),
(24, 9188047, '12-11-2015 15:40:05', 'Connexion'),
(25, 8088718, '13-11-2015 11:07:42', 'Connexion'),
(26, 8088718, '13-11-2015 11:08:37', 'Utilisateur : <a href="ili-users/user_profil?id=9188047">9188047</a> a été <strong>banni</strong>'),
(27, 8088718, '13-11-2015 13:07:29', 'Connexion'),
(28, 8088718, '13-11-2015 13:08:19', 'Utilisateur : <a href="ili-users/user_profil?id=9188047">9188047</a> a été <strong>débanni</strong>'),
(29, 9188047, '13-11-2015 13:08:25', 'Connexion'),
(30, 9188047, '13-11-2015 13:12:42', 'Connexion'),
(31, 8088718, '13-11-2015 13:29:59', 'Utilisateur : <a href="ili-users/user_profil?id=9188047">9188047</a> a été <strong>banni</strong>'),
(32, 8088718, '13-11-2015 13:32:54', 'Connexion'),
(33, 8088718, '13-11-2015 13:33:05', 'Déconnexion'),
(34, 8088718, '15-11-2015 18:15:25', 'Connexion'),
(35, 8088718, '15-11-2015 18:15:55', 'Utilisateur : <a href="ili-users/user_profil?id=9188047">9188047</a> a été <strong>débanni</strong>'),
(36, 8088718, '15-11-2015 18:16:53', 'Création de l''utilisateur : <a href="ili-users/user_profil?id=10000071">10000071</a>'),
(37, 8088718, '15-11-2015 18:17:05', 'Suppression de l''utilisateur avec CIN=10000071'),
(38, 8088718, '15-11-2015 20:16:30', 'Connexion'),
(39, 8088718, '16-11-2015 10:32:11', 'Connexion'),
(40, 8088718, '16-11-2015 11:16:01', 'Utilisateur : <a href="ili-users/user_profil?id=9188047">9188047</a> a été <strong>banni</strong>'),
(41, 8088718, '16-11-2015 11:20:57', 'Utilisateur : <a href="ili-users/user_profil?id=9188047">9188047</a> a été <strong>débanni</strong>'),
(42, 9188047, '16-11-2015 11:21:07', 'Connexion'),
(43, 8088718, '16-11-2015 16:21:23', 'Déconnexion'),
(44, 8088718, '16-11-2015 16:27:44', 'Connexion'),
(45, 8088718, '16-11-2015 21:05:36', 'Connexion'),
(46, 9188047, '16-11-2015 21:05:57', 'Connexion'),
(47, 9188047, '16-11-2015 23:02:22', 'Connexion'),
(48, 8088718, '16-11-2015 23:02:36', 'Déconnexion'),
(49, 8088718, '16-11-2015 23:02:44', 'Connexion'),
(50, 8088718, '17-11-2015 10:19:36', 'Connexion'),
(51, 9188047, '17-11-2015 10:19:52', 'Connexion'),
(52, 8088718, '17-11-2015 10:23:09', 'Déconnexion'),
(53, 9188047, '17-11-2015 10:23:22', 'Connexion'),
(54, 9188047, '17-11-2015 10:23:27', 'Déconnexion'),
(55, 8088718, '17-11-2015 10:23:31', 'Connexion'),
(56, 8088718, '17-11-2015 11:11:44', 'Connexion'),
(57, 8088718, '17-11-2015 11:13:05', 'Connexion'),
(58, 9188047, '17-11-2015 11:14:49', 'Connexion'),
(59, 8088718, '17-11-2015 11:22:10', 'Connexion'),
(60, 8088718, '17-11-2015 12:16:30', 'Connexion'),
(61, 8088718, '17-11-2015 12:16:59', 'Déconnexion'),
(62, 9188047, '17-11-2015 12:17:05', 'Connexion'),
(63, 8088718, '17-11-2015 16:38:43', 'Déconnexion'),
(64, 8088718, '17-11-2015 16:39:03', 'Connexion'),
(65, 8088718, '17-11-2015 19:23:04', 'Connexion'),
(66, 9188047, '17-11-2015 19:26:14', 'Connexion'),
(67, 8088718, '18-11-2015 09:57:11', 'Connexion'),
(68, 9188047, '18-11-2015 09:59:33', 'Connexion'),
(69, 8088718, '18-11-2015 10:02:35', 'Ajout de privilége <strong>SUPPRIMER</strong> sur le bloc <strong>USERS</strong> pour l''utilisateur : <a href="ili-users/user_profil?id=9188047">9188047</a>'),
(70, 8088718, '18-11-2015 10:04:58', 'Ajout de privilége <strong>MODIFIER</strong> sur le bloc <strong>USERS</strong> pour l''utilisateur : <a href="ili-users/user_profil?id=9188047">9188047</a>'),
(71, 8088718, '18-11-2015 10:49:39', 'Connexion'),
(72, 9188047, '18-11-2015 10:49:59', 'Connexion'),
(73, 9188047, '18-11-2015 10:53:24', 'Connexion'),
(74, 9188047, '18-11-2015 15:30:44', 'Déconnexion'),
(75, 8088718, '18-11-2015 15:30:50', 'Connexion'),
(76, 8088718, '18-11-2015 16:09:20', 'Déconnexion'),
(77, 8088718, '18-11-2015 16:09:27', 'Connexion'),
(78, 9188047, '18-11-2015 16:29:50', 'Connexion'),
(79, 8088718, '18-11-2015 21:44:33', 'Connexion'),
(80, 9188047, '18-11-2015 22:18:03', 'Connexion'),
(81, 9188047, '18-11-2015 22:45:57', 'Déconnexion'),
(82, 9188047, '18-11-2015 23:06:28', 'Connexion'),
(83, 8088718, '19-11-2015 10:17:53', 'Connexion'),
(84, 8088718, '19-11-2015 10:25:49', 'Déconnexion'),
(85, 8088718, '19-11-2015 10:25:56', 'Connexion'),
(86, 8088718, '19-11-2015 12:04:06', 'Connexion'),
(87, 8088718, '19-11-2015 12:33:53', 'Connexion'),
(88, 8088718, '19-11-2015 16:44:01', 'Connexion'),
(89, 8088718, '19-11-2015 18:01:52', 'Connexion'),
(90, 8088718, '19-11-2015 18:04:29', 'Déconnexion'),
(91, 9188047, '19-11-2015 18:04:46', 'Connexion'),
(92, 8088718, '19-11-2015 18:09:42', 'Suppression de privilége <strong>CREER</strong> sur le bloc <strong>USERS</strong> pour l''utilisateur : <a href="ili-users/user_profil?id=9188047">9188047</a>'),
(93, 8088718, '19-11-2015 18:09:46', 'Suppression de privilége <strong>MODIFIER</strong> sur le bloc <strong>USERS</strong> pour l''utilisateur : <a href="ili-users/user_profil?id=9188047">9188047</a>'),
(94, 8088718, '19-11-2015 18:09:49', 'Suppression de privilége <strong>SUPPRIMER</strong> sur le bloc <strong>USERS</strong> pour l''utilisateur : <a href="ili-users/user_profil?id=9188047">9188047</a>'),
(95, 8088718, '19-11-2015 18:12:43', 'Connexion'),
(96, 8088718, '19-11-2015 18:58:51', 'Connexion'),
(97, 8088718, '20-11-2015 10:29:45', 'Connexion'),
(98, 9188047, '20-11-2015 10:53:56', 'Connexion'),
(99, 8088718, '20-11-2015 12:02:01', 'Connexion'),
(100, 8088718, '20-11-2015 14:00:42', 'Connexion'),
(101, 9188047, '20-11-2015 16:14:11', 'Connexion'),
(102, 8088718, '20-11-2015 16:21:17', 'Ajout de privilége <strong>VOIR</strong> sur le bloc <strong>USERS</strong> pour l''utilisateur : <a href="ili-users/user_profil?id=9188047">9188047</a>'),
(103, 8088718, '20-11-2015 16:21:26', 'Ajout de privilége <strong>SUPPRIMER</strong> sur le bloc <strong>USERS</strong> pour l''utilisateur : <a href="ili-users/user_profil?id=9188047">9188047</a>'),
(104, 8088718, '20-11-2015 18:28:38', 'Connexion'),
(105, 9188047, '20-11-2015 18:29:05', 'Connexion'),
(106, 8088718, '20-11-2015 18:30:45', 'Utilisateur : <a href="ili-users/user_profil?id=9188047">9188047</a> a été <strong>banni</strong>'),
(107, 8088718, '21-11-2015 01:17:26', 'Connexion'),
(108, 8088718, '21-11-2015 12:46:31', 'Connexion'),
(109, 8088718, '21-11-2015 20:14:27', 'Connexion'),
(110, 8088718, '22-11-2015 00:36:45', 'Connexion'),
(111, 8088718, '22-11-2015 11:47:39', 'Connexion'),
(112, 8088718, '22-11-2015 17:20:26', 'Connexion'),
(113, 8088718, '22-11-2015 20:24:29', 'Connexion'),
(114, 8088718, '22-11-2015 23:05:32', 'Connexion'),
(115, 8088718, '22-11-2015 23:49:14', 'Déconnexion'),
(116, 8088718, '22-11-2015 23:49:40', 'Connexion'),
(117, 8088718, '23-11-2015 08:28:46', 'Connexion'),
(118, 8088718, '23-11-2015 15:03:35', 'Connexion');

-- --------------------------------------------------------

--
-- Structure de la table `system_msg`
--

CREATE TABLE IF NOT EXISTS `system_msg` (
  `id` int(8) NOT NULL AUTO_INCREMENT,
  `user_envoie` int(8) NOT NULL,
  `user_reception` int(8) NOT NULL,
  `subject` varchar(100) COLLATE utf8_bin NOT NULL,
  `message` varchar(500) COLLATE utf8_bin NOT NULL,
  `date_msg` varchar(50) COLLATE utf8_bin NOT NULL,
  `vu` tinyint(1) NOT NULL,
  `fermer_par` int(8) DEFAULT NULL,
  PRIMARY KEY (`id`),
  KEY `user_envoie` (`user_envoie`),
  KEY `user_reception` (`user_reception`),
  KEY `fermer_par` (`fermer_par`)
) ENGINE=InnoDB  DEFAULT CHARSET=utf8 COLLATE=utf8_bin AUTO_INCREMENT=54 ;

--
-- Contenu de la table `system_msg`
--

INSERT INTO `system_msg` (`id`, `user_envoie`, `user_reception`, `subject`, `message`, `date_msg`, `vu`, `fermer_par`) VALUES
(48, 9188047, 8088718, '3', '<p>1</p>\r\n', '18-11-2015 15:04:45', 1, NULL),
(49, 8088718, 9188047, '4', '<p>1</p>\r\n', '18-11-2015 15:05:26', 1, 8088718),
(50, 8088718, 9188047, 'test', '<p>test</p>\r\n', '19-11-2015 12:41:54', 1, NULL),
(51, 8088718, 9188047, 'bienvenue', '<p>salut</p>\r\n', '19-11-2015 18:05:17', 1, 8088718),
(52, 9188047, 8088718, 'test 1', '<p>salut</p>\r\n', '20-11-2015 16:15:58', 1, 9188047),
(53, 9188047, 8088718, 'AAA', '<p>jkhbljh</p>\r\n', '20-11-2015 18:29:44', 1, 9188047);

-- --------------------------------------------------------

--
-- Structure de la table `system_msg_rep`
--

CREATE TABLE IF NOT EXISTS `system_msg_rep` (
  `id_rep` int(8) NOT NULL AUTO_INCREMENT,
  `id_msg` int(8) NOT NULL,
  `user_envoie_rep` int(8) NOT NULL,
  `user_reception_rep` int(8) NOT NULL,
  `message_rep` varchar(500) COLLATE utf8_bin NOT NULL,
  `date_msg_rep` varchar(50) COLLATE utf8_bin NOT NULL,
  `vu_rep` tinyint(1) NOT NULL,
  PRIMARY KEY (`id_rep`),
  KEY `id_msg` (`id_msg`,`user_envoie_rep`,`user_reception_rep`),
  KEY `user_envoie` (`user_envoie_rep`),
  KEY `user_reception` (`user_reception_rep`)
) ENGINE=InnoDB  DEFAULT CHARSET=utf8 COLLATE=utf8_bin AUTO_INCREMENT=9 ;

--
-- Contenu de la table `system_msg_rep`
--

INSERT INTO `system_msg_rep` (`id_rep`, `id_msg`, `user_envoie_rep`, `user_reception_rep`, `message_rep`, `date_msg_rep`, `vu_rep`) VALUES
(1, 48, 8088718, 9188047, '<p>2</p>\r\n', '18-11-2015 15:04:55', 1),
(2, 49, 9188047, 8088718, '<p>2</p>\r\n', '18-11-2015 15:05:35', 1),
(3, 48, 8088718, 9188047, '<p>3</p>\r\n', '18-11-2015 15:14:40', 1),
(4, 51, 9188047, 8088718, '<p>salut sa va?</p>\r\n', '19-11-2015 18:06:17', 1),
(5, 51, 8088718, 9188047, '<p>enfaite on voul&eacute; te souhait&eacute; la bien venue ici</p>\r\n', '19-11-2015 18:06:39', 1),
(6, 51, 9188047, 8088718, '<p>merci bien</p>\r\n', '19-11-2015 18:06:51', 1),
(7, 52, 8088718, 9188047, '<p>hjgvjsdhgfjvgh</p>\r\n', '20-11-2015 16:16:37', 1),
(8, 53, 8088718, 9188047, '<p>ok</p>\r\n', '20-11-2015 18:30:06', 1);

-- --------------------------------------------------------

--
-- Structure de la table `system_notif`
--

CREATE TABLE IF NOT EXISTS `system_notif` (
  `id` int(8) NOT NULL AUTO_INCREMENT,
  `id_user` int(8) NOT NULL,
  `notification` varchar(500) COLLATE utf8_bin NOT NULL,
  `date_notif` varchar(50) COLLATE utf8_bin NOT NULL,
  `vu` tinyint(1) NOT NULL,
  PRIMARY KEY (`id`),
  KEY `id_user` (`id_user`)
) ENGINE=InnoDB  DEFAULT CHARSET=utf8 COLLATE=utf8_bin AUTO_INCREMENT=35 ;

--
-- Contenu de la table `system_notif`
--

INSERT INTO `system_notif` (`id`, `id_user`, `notification`, `date_notif`, `vu`) VALUES
(1, 9188047, '<a href="http://localhost/erp/ili-users/user_profil?id=9188047">Supprission du privilége <strong>MODIFIER</strong> sur le bloc <strong>USERS</strong> de Hafaeidh Abd El Krim', '11-11-2015 10:27:29', 1),
(2, 8088718, '<a href="http://localhost/erp/ili-users/user_profil?id=9188047">Supprission du privilége <strong>MODIFIER</strong> sur le bloc <strong>USERS</strong> de Hafaeidh Abd El Krim', '11-11-2015 10:27:29', 1),
(3, 9188047, '<a href="http://localhost/erp/ili-users/user_profil?id=9188047">Supprission du privilége <strong>VOIR</strong> sur le bloc <strong>USERS</strong> de Hafaeidh Abd El Krim', '11-11-2015 10:27:31', 1),
(4, 8088718, '<a href="http://localhost/erp/ili-users/user_profil?id=9188047">Supprission du privilége <strong>VOIR</strong> sur le bloc <strong>USERS</strong> de Hafaeidh Abd El Krim', '11-11-2015 10:27:31', 1),
(5, 8088718, '<a href="http://localhost/erp/ili-users/user_profil?id=9188047">Hafaeidh Abd El Krim, a été banni', '11-11-2015 10:33:46', 1),
(6, 8088718, '<a href="http://localhost/erp/ili-users/user_profil?id=9188047">Hafaeidh Abd El Krim, a été débanni', '11-11-2015 10:33:47', 1),
(7, 8088718, '<a href="http://localhost/erp/ili-users/user_profil?id=9188047">Hafaeidh Abd El Krim, ajout du diplôme : test', '11-11-2015 10:36:45', 1),
(8, 8088718, '<a href="http://localhost/erp/ili-users/user_profil?id=9188047">Hafaeidh Abd El Krim, a été banni', '11-11-2015 10:37:22', 1),
(9, 8088718, '<a href="http://localhost/erp/ili-users/user_profil?id=9188047">Hafaeidh Abd El Krim, a été débanni', '11-11-2015 10:37:24', 1),
(10, 9188047, '<a href="http://localhost/erp/ili-users/user_profil?id=9188047">Ajout du privilége <strong>CREER</strong> sur le bloc <strong>USERS</strong> de Hafaeidh Abd El Krim', '11-11-2015 10:38:57', 1),
(11, 8088718, '<a href="http://localhost/erp/ili-users/user_profil?id=9188047">Ajout du privilége <strong>CREER</strong> sur le bloc <strong>USERS</strong> de Hafaeidh Abd El Krim', '11-11-2015 10:38:57', 1),
(12, 8088718, '<a href="http://localhost/erp/ili-users/user_profil?id=9188047">Hafaeidh Abd El Krim, a été banni', '13-11-2015 11:08:37', 1),
(13, 8088718, '<a href="http://localhost/erp/ili-users/user_profil?id=9188047">Hafaeidh Abd El Krim, a été débanni', '13-11-2015 13:08:19', 1),
(14, 8088718, '<a href="http://localhost/erp/ili-users/user_profil?id=9188047">Hafaeidh Abd El Krim, a été banni', '13-11-2015 13:29:59', 1),
(15, 8088718, '<a href="http://localhost/erp/ili-users/user_profil?id=9188047">Hafaeidh Abd El Krim, a été débanni', '15-11-2015 18:15:55', 1),
(16, 9188047, '<a href="ili-users/user_profil?id=10000071">Nouveau utilisateur, test test', '15-11-2015 18:16:53', 1),
(17, 8088718, '<a href="ili-users/user_profil?id=10000071">Nouveau utilisateur, test test', '15-11-2015 18:16:53', 1),
(18, 8088718, '<a href="http://localhost/erp/ili-users/user_profil?id=9188047">Hafaeidh Abd El Krim, a été banni', '16-11-2015 11:16:01', 1),
(19, 8088718, '<a href="http://localhost/erp/ili-users/user_profil?id=9188047">Hafaeidh Abd El Krim, a été débanni', '16-11-2015 11:20:57', 1),
(20, 9188047, '<a href="http://localhost/erp/ili-users/user_profil?id=9188047">Ajout du privilége <strong>SUPPRIMER</strong> sur le bloc <strong>USERS</strong> de Hafaeidh Abd El Krim', '18-11-2015 10:02:35', 1),
(21, 8088718, '<a href="http://localhost/erp/ili-users/user_profil?id=9188047">Ajout du privilége <strong>SUPPRIMER</strong> sur le bloc <strong>USERS</strong> de Hafaeidh Abd El Krim', '18-11-2015 10:02:35', 1),
(22, 9188047, '<a href="http://localhost/erp/ili-users/user_profil?id=9188047">Ajout du privilége <strong>MODIFIER</strong> sur le bloc <strong>USERS</strong> de Hafaeidh Abd El Krim', '18-11-2015 10:04:58', 1),
(23, 8088718, '<a href="http://localhost/erp/ili-users/user_profil?id=9188047">Ajout du privilége <strong>MODIFIER</strong> sur le bloc <strong>USERS</strong> de Hafaeidh Abd El Krim', '18-11-2015 10:04:58', 1),
(24, 9188047, '<a href="http://localhost/erp/ili-users/user_profil?id=9188047">Supprission du privilége <strong>CREER</strong> sur le bloc <strong>USERS</strong> de Hafaeidh Abd El Krim', '19-11-2015 18:09:42', 1),
(25, 8088718, '<a href="http://localhost/erp/ili-users/user_profil?id=9188047">Supprission du privilége <strong>CREER</strong> sur le bloc <strong>USERS</strong> de Hafaeidh Abd El Krim', '19-11-2015 18:09:42', 1),
(26, 9188047, '<a href="http://localhost/erp/ili-users/user_profil?id=9188047">Supprission du privilége <strong>MODIFIER</strong> sur le bloc <strong>USERS</strong> de Hafaeidh Abd El Krim', '19-11-2015 18:09:46', 1),
(27, 8088718, '<a href="http://localhost/erp/ili-users/user_profil?id=9188047">Supprission du privilége <strong>MODIFIER</strong> sur le bloc <strong>USERS</strong> de Hafaeidh Abd El Krim', '19-11-2015 18:09:46', 1),
(28, 9188047, '<a href="http://localhost/erp/ili-users/user_profil?id=9188047">Suppression du privilége <strong>SUPPRIMER</strong> sur le bloc <strong>USERS</strong> de Hafaeidh Abd El Krim', '19-11-2015 18:09:49', 1),
(29, 8088718, '<a href="http://localhost/erp/ili-users/user_profil?id=9188047">Suppression du privilége <strong>SUPPRIMER</strong> sur le bloc <strong>USERS</strong> de Hafaeidh Abd El Krim', '19-11-2015 18:09:49', 1),
(30, 9188047, '<a href="http://localhost/erp/ili-users/user_profil?id=9188047">Ajout du privilége <strong>VOIR</strong> sur le bloc <strong>USERS</strong> de Hafaeidh Abd El Krim', '20-11-2015 16:21:17', 1),
(31, 8088718, '<a href="http://localhost/erp/ili-users/user_profil?id=9188047">Ajout du privilége <strong>VOIR</strong> sur le bloc <strong>USERS</strong> de Hafaeidh Abd El Krim', '20-11-2015 16:21:17', 1),
(32, 9188047, '<a href="http://localhost/erp/ili-users/user_profil?id=9188047">Ajout du privilége <strong>SUPPRIMER</strong> sur le bloc <strong>USERS</strong> de Hafaeidh Abd El Krim', '20-11-2015 16:21:26', 1),
(33, 8088718, '<a href="http://localhost/erp/ili-users/user_profil?id=9188047">Ajout du privilége <strong>SUPPRIMER</strong> sur le bloc <strong>USERS</strong> de Hafaeidh Abd El Krim', '20-11-2015 16:21:26', 1),
(34, 8088718, '<a href="http://localhost/erp/ili-users/user_profil?id=9188047">Hafaeidh Abd El Krim, a été banni', '20-11-2015 18:30:45', 1);

-- --------------------------------------------------------

--
-- Structure de la table `users`
--

CREATE TABLE IF NOT EXISTS `users` (
  `id_user` int(8) NOT NULL,
  `id_rank` int(4) NOT NULL,
  `nom` varchar(30) COLLATE utf8_bin DEFAULT NULL,
  `prenom` varchar(30) COLLATE utf8_bin DEFAULT NULL,
  `email` varchar(30) COLLATE utf8_bin DEFAULT NULL,
  `poste` varchar(255) COLLATE utf8_bin DEFAULT NULL,
  `tel` varchar(30) COLLATE utf8_bin DEFAULT NULL,
  `adresse` varchar(255) COLLATE utf8_bin DEFAULT NULL,
  `date_naissance` varchar(30) COLLATE utf8_bin DEFAULT NULL,
  `mdp` varchar(500) COLLATE utf8_bin DEFAULT NULL,
  `mdp_update_date` date DEFAULT NULL,
  `fb` varchar(255) COLLATE utf8_bin DEFAULT NULL,
  `github` varchar(255) COLLATE utf8_bin DEFAULT NULL,
  `linkedin` varchar(255) COLLATE utf8_bin DEFAULT NULL,
  `img_link` varchar(500) COLLATE utf8_bin DEFAULT NULL,
  `created_by` varchar(200) COLLATE utf8_bin DEFAULT NULL,
  `created_date` date DEFAULT NULL,
  PRIMARY KEY (`id_user`),
  UNIQUE KEY `email` (`email`),
  KEY `id_rank` (`id_rank`)
) ENGINE=InnoDB DEFAULT CHARSET=utf8 COLLATE=utf8_bin;

--
-- Contenu de la table `users`
--

INSERT INTO `users` (`id_user`, `id_rank`, `nom`, `prenom`, `email`, `poste`, `tel`, `adresse`, `date_naissance`, `mdp`, `mdp_update_date`, `fb`, `github`, `linkedin`, `img_link`, `created_by`, `created_date`) VALUES
(8088718, 3, 'Sakly', 'Ayoub', 'sakly@ili-studios.com', '					CEO & Founder iLi-Studios SARL', '20666996', '19 Rue Ibn Zid AGBA 2010 MANOUBA TUNISIE', '1988-09-22', '3cb61b94f984497b9230075a6f777346', '2015-11-02', 'http://www.faecbook.com/saklyayoub', 'http://www.linkedin.com/', 'http://www.github.com/saklyayoub', 'http://www.ili-studios.com/img/saklyayoub.png', 'Sakly Ayoub', '2015-10-28'),
(9188047, 1, 'Hafaeidh', 'Abd El Krim', 'hafaeidh@ili-studios.com', '																									CO-Founder iLi-Studios', '55836311', '60 Rue Tazarka Denden Manouba', '1993-08-01', '21232f297a57a5a743894a0e4a801fc3', '2015-11-10', '', '', '', 'http://www.ili-studios.com/img/abdou.png', 'Sakly Ayoub', '2015-11-06');

-- --------------------------------------------------------

--
-- Structure de la table `users_diploma`
--

CREATE TABLE IF NOT EXISTS `users_diploma` (
  `id` int(8) NOT NULL AUTO_INCREMENT,
  `id_user` int(8) NOT NULL,
  `annee` int(4) NOT NULL,
  `lieux` varchar(100) COLLATE utf8_bin NOT NULL,
  `diplome` varchar(300) COLLATE utf8_bin NOT NULL,
  `etablissement` varchar(300) COLLATE utf8_bin NOT NULL,
  PRIMARY KEY (`id`),
  KEY `id_user` (`id_user`),
  KEY `id_user_2` (`id_user`)
) ENGINE=InnoDB  DEFAULT CHARSET=utf8 COLLATE=utf8_bin AUTO_INCREMENT=9 ;

--
-- Contenu de la table `users_diploma`
--

INSERT INTO `users_diploma` (`id`, `id_user`, `annee`, `lieux`, `diplome`, `etablissement`) VALUES
(2, 8088718, 2008, 'Kef', 'Bac Technique', 'Lycé Technique Ahmed Amara'),
(3, 8088718, 2011, 'Tunis', 'BTS WebMaster', 'Khawarezmi Centre'),
(4, 8088718, 2013, 'Tunis', 'BTS Developpement sur Internet', 'IMSET'),
(5, 8088718, 2014, 'Kef', 'CEFEE', 'Bureau D''emploie'),
(6, 8088718, 2014, 'Sousse', 'HP-Life E-learning', 'HP'),
(7, 8088718, 2015, 'Manouba', 'Formation sur le projet <création d''une boite de développement>', 'API Manouba'),
(8, 9188047, 2050, 'gamra', 'test', 'naza');

-- --------------------------------------------------------

--
-- Structure de la table `users_expirance`
--

CREATE TABLE IF NOT EXISTS `users_expirance` (
  `id` int(8) NOT NULL AUTO_INCREMENT,
  `id_user` int(8) NOT NULL,
  `company` varchar(100) NOT NULL,
  `company_url` varchar(100) NOT NULL,
  `duration` varchar(100) NOT NULL,
  `experience` varchar(500) NOT NULL,
  PRIMARY KEY (`id`),
  KEY `id_user` (`id_user`),
  KEY `id_user_2` (`id_user`)
) ENGINE=InnoDB  DEFAULT CHARSET=latin1 AUTO_INCREMENT=13 ;

--
-- Contenu de la table `users_expirance`
--

INSERT INTO `users_expirance` (`id`, `id_user`, `company`, `company_url`, `duration`, `experience`) VALUES
(10, 8088718, 'WorkGroup', '', 'Jan. - Mars 2001', 'Developpeur Web WebMaster<br> •	Conception, Developpement, et realisation d’un site e-commerce pour une bijouterie, avec sont système de facturation.'),
(11, 8088718, 'OkToBoot', 'http://www.oktoboot.com/', 'Sep. - Dec 2012', 'Developpeur Web<br>\r\n•	Conception, Developpement, et realisation d’un système ERP a base de Magento sur ZendFrimework\r\n'),
(12, 8088718, 'Solution Interactives Visuelles', '', 'Jan. - Mars 2013', 'Developpeur Web, Administrateur Système<br>•	Conception, Developpement, et integration de système de gestion des serveurs de jeux avec un site de factorisation sur un serveur VPS a base de Linux\r\n•	Administration de serveur Linux, Creation de solution de backup automatisé.\r\n');

-- --------------------------------------------------------

--
-- Structure de la table `users_privileges`
--

CREATE TABLE IF NOT EXISTS `users_privileges` (
  `id` int(8) NOT NULL AUTO_INCREMENT,
  `id_user` int(8) NOT NULL,
  `bloc` varchar(100) COLLATE utf8_bin NOT NULL,
  `s` tinyint(1) NOT NULL,
  `c` tinyint(1) NOT NULL,
  `u` tinyint(1) NOT NULL,
  `d` tinyint(1) NOT NULL,
  PRIMARY KEY (`id`),
  KEY `id_user` (`id_user`)
) ENGINE=InnoDB  DEFAULT CHARSET=utf8 COLLATE=utf8_bin AUTO_INCREMENT=8 ;

--
-- Contenu de la table `users_privileges`
--

INSERT INTO `users_privileges` (`id`, `id_user`, `bloc`, `s`, `c`, `u`, `d`) VALUES
(7, 9188047, 'USERS', 1, 0, 0, 1);

-- --------------------------------------------------------

--
-- Structure de la table `users_rank`
--

CREATE TABLE IF NOT EXISTS `users_rank` (
  `id_rank` int(4) NOT NULL,
  `rank` varchar(255) NOT NULL,
  PRIMARY KEY (`id_rank`)
) ENGINE=InnoDB DEFAULT CHARSET=latin1;

--
-- Contenu de la table `users_rank`
--

INSERT INTO `users_rank` (`id_rank`, `rank`) VALUES
(1, 'Suspendue'),
(2, 'Utilisateur'),
(3, 'Admin');

-- --------------------------------------------------------

--
-- Structure de la table `users_skills`
--

CREATE TABLE IF NOT EXISTS `users_skills` (
  `id` int(8) NOT NULL AUTO_INCREMENT,
  `id_user` int(8) NOT NULL,
  `skills` varchar(200) COLLATE utf8_bin NOT NULL,
  `pourcentage` varchar(200) COLLATE utf8_bin NOT NULL,
  PRIMARY KEY (`id`),
  KEY `id_user` (`id_user`),
  KEY `id_user_2` (`id_user`)
) ENGINE=InnoDB  DEFAULT CHARSET=utf8 COLLATE=utf8_bin AUTO_INCREMENT=13 ;

--
-- Contenu de la table `users_skills`
--

INSERT INTO `users_skills` (`id`, `id_user`, `skills`, `pourcentage`) VALUES
(8, 8088718, 'PHP/MySQL', '83'),
(9, 8088718, 'HTML5/CSS3', '82'),
(10, 8088718, 'JQuery/Ajax/JavaScript', '13'),
(11, 8088718, 'Ubuntu/Linux/WebMin', '80'),
(12, 8088718, 'Git/Kdiff/SubVersion', '90');

--
-- Contraintes pour les tables exportées
--

--
-- Contraintes pour la table `client`
--
ALTER TABLE `client`
  ADD CONSTRAINT `client_ibfk_1` FOREIGN KEY (`created_by`) REFERENCES `users` (`id_user`) ON DELETE CASCADE ON UPDATE CASCADE;

--
-- Contraintes pour la table `system_log`
--
ALTER TABLE `system_log`
  ADD CONSTRAINT `system_log_ibfk_1` FOREIGN KEY (`id_user`) REFERENCES `users` (`id_user`);

--
-- Contraintes pour la table `system_msg`
--
ALTER TABLE `system_msg`
  ADD CONSTRAINT `system_msg_ibfk_3` FOREIGN KEY (`user_envoie`) REFERENCES `users` (`id_user`) ON DELETE CASCADE ON UPDATE CASCADE,
  ADD CONSTRAINT `system_msg_ibfk_4` FOREIGN KEY (`user_reception`) REFERENCES `users` (`id_user`) ON DELETE CASCADE ON UPDATE CASCADE,
  ADD CONSTRAINT `system_msg_ibfk_5` FOREIGN KEY (`fermer_par`) REFERENCES `users` (`id_user`) ON DELETE SET NULL ON UPDATE SET NULL;

--
-- Contraintes pour la table `system_msg_rep`
--
ALTER TABLE `system_msg_rep`
  ADD CONSTRAINT `system_msg_rep_ibfk_1` FOREIGN KEY (`id_msg`) REFERENCES `system_msg` (`id`) ON DELETE CASCADE ON UPDATE CASCADE,
  ADD CONSTRAINT `system_msg_rep_ibfk_2` FOREIGN KEY (`user_envoie_rep`) REFERENCES `users` (`id_user`) ON DELETE CASCADE ON UPDATE CASCADE,
  ADD CONSTRAINT `system_msg_rep_ibfk_3` FOREIGN KEY (`user_reception_rep`) REFERENCES `users` (`id_user`) ON DELETE CASCADE ON UPDATE CASCADE;

--
-- Contraintes pour la table `system_notif`
--
ALTER TABLE `system_notif`
  ADD CONSTRAINT `system_notif_ibfk_1` FOREIGN KEY (`id_user`) REFERENCES `users` (`id_user`) ON DELETE CASCADE ON UPDATE CASCADE;

--
-- Contraintes pour la table `users`
--
ALTER TABLE `users`
  ADD CONSTRAINT `users_ibfk_1` FOREIGN KEY (`id_rank`) REFERENCES `users_rank` (`id_rank`) ON DELETE NO ACTION ON UPDATE NO ACTION;

--
-- Contraintes pour la table `users_diploma`
--
ALTER TABLE `users_diploma`
  ADD CONSTRAINT `users_diploma_ibfk_1` FOREIGN KEY (`id_user`) REFERENCES `users` (`id_user`) ON DELETE CASCADE ON UPDATE CASCADE;

--
-- Contraintes pour la table `users_expirance`
--
ALTER TABLE `users_expirance`
  ADD CONSTRAINT `users_expirance_ibfk_1` FOREIGN KEY (`id_user`) REFERENCES `users` (`id_user`) ON DELETE CASCADE ON UPDATE CASCADE;

--
-- Contraintes pour la table `users_privileges`
--
ALTER TABLE `users_privileges`
  ADD CONSTRAINT `users_privileges_ibfk_1` FOREIGN KEY (`id_user`) REFERENCES `users` (`id_user`) ON DELETE CASCADE ON UPDATE CASCADE;

--
-- Contraintes pour la table `users_skills`
--
ALTER TABLE `users_skills`
  ADD CONSTRAINT `users_skills_ibfk_1` FOREIGN KEY (`id_user`) REFERENCES `users` (`id_user`) ON DELETE CASCADE ON UPDATE CASCADE;
--
-- Base de données :  `test`
--

/*!40101 SET CHARACTER_SET_CLIENT=@OLD_CHARACTER_SET_CLIENT */;
/*!40101 SET CHARACTER_SET_RESULTS=@OLD_CHARACTER_SET_RESULTS */;
/*!40101 SET COLLATION_CONNECTION=@OLD_COLLATION_CONNECTION */;
